{
    "aakkoset": "alphabet",
    "alasin": "anvil",
    "ananas": "pineapple",
    "appelsiini": "orange",
    "apteekkari": "apothecary",
    "auto": "car",
    "banaani": "banana",
    "delfiini": "dolphin",
    "emolevy": "motherboard",
    "funktio": "function",
    "hiiri": "mouse",
    "housut": "pants",
    "häviäjä": "loser",
    "ikkuna": "window",
    "joki": "river",
    "joutsen": "swan",
    "juna": "train",
    "järvi": "lake",
    "jäätelö": "ice cream",
    "kahvi": "coffee",
    "kaivo": "well",
    "kala": "fish",
    "karhu": "bear",
    "kenkä": "shoe",
    "kiintolevy": "hard disk",
    "kirja": "book",
    "kirjain": "letter",
    "kirjanmerkki": "bookmark",
    "kirkkaus": "brightness",
    "kissa": "cat",
    "koira": "dog",
    "kokonaisluku": "integrer",
    "kolikko": "coin",
    "komentokehote": "command prompt",
    "kontrasti": "contrast",
    "krematorio": "crematorium",
    "kukka": "flower",
    "kynä": "pencil",
    "käyttöjärjestelmä": "operating system",
    "käärme": "snake",
    "lahti": "bay",
    "laiskiainen": "sloth",
    "laituri": "pier",
    "laiva": "ship",
    "lammas": "lamb",
    "lampi": "pond",
    "leijona": "lion",
    "leipä": "bread",
    "lentokone": "airplane",
    "lintu": "bird",
    "liukuluku": "floating point",
    "maito": "milk",
    "matkapuhelin": "mobile phone",
    "matto": "carpet",
    "meri": "sea",
    "merkkijono": "string",
    "mustikka": "blueberry",
    "numero": "number",
    "näppäimistö": "keyboard",
    "näytönohjain": "graphics card",
    "ohjelmointi": "programming",
    "omena": "apple",
    "orava": "squirrel",
    "ovi": "door",
    "paita": "shirt",
    "pankki": "bank",
    "pankkiiri": "banker",
    "paprika": "bell pepper",
    "peruna": "potato",
    "polkupyörä": "bicycle",
    "professori": "professor",
    "prosessori": "processor",
    "puuro": "porridge",
    "pyyhekumi": "eraser",
    "päärynä": "pear",
    "pöllö": "owl",
    "pöytä": "table",
    "pöytätietokone": "desktop computer",
    "raha": "money",
    "rannekello": "wristwatch",
    "ranta": "beach",
    "sipuli": "onion",
    "sovellus": "application",
    "suihkulähde": "fountain",
    "suutari": "cobbler",
    "takki": "coat",
    "tili": "account",
    "tohtori": "doctor",
    "tomaatti": "tomato",
    "totuusarvo": "boolean",
    "verkkoselain": "web browser",
    "vesinokkaeläin": "platypus",
    "vihko": "notebook",
    "viivoitin": "ruler",
    "virtahepo": "hippo",
    "voittaja": "winner",
    "vuohi": "goat",
    "vuori": "mountain",
    "värikylläisyys": "saturation",
    "älypuhelin": "smartphone"
}